name_desc,seed,batch_size,epochs,space,task,representation,timesteps,pwl_mse,test_tagates,gnn_type,back_dense,key,spr,kdt,spr_std,kdt_std
table2,42,8,150,nb201,class_scene,adj_gin,2,pwl,False,gat,False,128,0.9221373250431378,0.7724544705080557,3.153291845582655e-05,9.351031290315752e-05
table2,42,8,150,nb201,class_scene,adj_gin,2,pwl,False,ensemble,False,128,0.9465098955450616,0.8199814096206142,0.00011386667804037975,0.000411049052443624
table2,42,8,150,nb201,class_scene,adj_gin,2,pwl,False,ensemble,True,128,0.9428296555020071,0.8106337573222099,3.011187184331724e-05,9.890792919264438e-05
table2,42,8,150,nb201,class_scene,adj_gin,2,pwl,False,dense,False,128,0.9359669801394798,0.7981688294681374,0.00015582698274538393,0.0004236974728312204
