comment,seed,batch_size,hidden_size,num_layers,epochs,space,representation,pwl_mse,test_tagates,key,spr,kdt
None,None,16,150,nb101,class_scene,adj_gin_zcp,2,pwl,True,73,0.8807051522556643,0.7002557661983083,4.7713316379197894e-05,6.831347133861321e-05None,None,16,150,nb101,class_scene,adj_gin_zcp,2,pwl,True,364,0.9405352080817274,0.7907819066258716,9.144666772441924e-06,1.9445252445102844e-05None,None,16,150,nb101,class_scene,adj_gin_zcp,2,pwl,True,729,0.9343599807903592,0.7816998304852539,2.905047748192038e-05,0.00012177484608174177None,None,16,150,nb101,class_scene,zcp,2,pwl,True,73,0.7699475703734273,0.5755496471609328,0.00011195711516283981,7.895746503355273e-05
None,None,16,150,nb101,class_scene,zcp,2,pwl,True,364,0.8624809844262344,0.6778910546580498,8.717348837432545e-07,6.109028438355043e-07
None,None,16,150,nb101,class_scene,zcp,2,pwl,True,729,0.8855670611030031,0.7067511088283934,2.0438984738078665e-06,2.8128458813144744e-06
