name_desc,seed,batch_size,epochs,space,task,representation,timesteps,pwl_mse,test_tagates,gnn_type,back_dense,key,spr,kdt,spr_std,kdt_std
exp3,42,128,150,nb101,class_scene,adj_gin,2,pwl,False,ensemble,True,16,0.6373849498805192,0.46164146434412806,0.004051069519872316,0.0021765006007367755
exp3,42,128,150,nb101,class_scene,adj_gin,2,pwl,False,ensemble,True,32,0.7964670863616622,0.6045993653031422,6.497748529248473e-05,0.00010542619480747818
exp3,42,128,150,nb101,class_scene,adj_gin,2,pwl,False,ensemble,True,128,0.9112748535728219,0.7406736522411289,3.106462218261056e-05,6.998568156533073e-05
exp3,42,128,150,nb101,class_scene,adj_gin,2,pwl,False,ensemble,True,256,0.9346563298775847,0.7793174685766403,1.346725915413212e-05,3.421623809137114e-05
exp3,42,128,150,nb101,class_scene,adj_gin,2,pwl,False,ensemble,True,512,0.9506110153284976,0.808395334292691,1.0490238683807316e-06,3.824187387123036e-06
