name_desc,seed,batch_size,epochs,space,task,representation,timesteps,pwl_mse,test_tagates,gnn_type,back_dense,key,spr,kdt,spr_std,kdt_std
exp3,42,128,150,nb201,class_scene,adj_gin,2,pwl,False,ensemble,True,4,0.5827711884502621,0.421999953813772,0.03218893839643667,0.02210349128994998
exp3,42,128,150,nb201,class_scene,adj_gin,2,pwl,False,ensemble,True,8,0.6222802279541021,0.4590123059598052,0.046955623773965366,0.028734382544602713
exp3,42,128,150,nb201,class_scene,adj_gin,2,pwl,False,ensemble,True,16,0.7708259234637866,0.5701851209770612,0.005751774580274117,0.006130127463526418
exp3,42,128,150,nb201,class_scene,adj_gin,2,pwl,False,ensemble,True,32,0.8458792510488875,0.6500555191571197,0.0003306394882977563,0.00044190891724733773
exp3,42,128,150,nb201,class_scene,adj_gin,2,pwl,False,ensemble,True,128,0.9411342246519898,0.8022391150839079,9.350619803412938e-06,5.798465466853871e-05
exp3,42,128,150,nb201,class_scene,adj_gin,2,pwl,False,ensemble,True,256,0.9613936543163647,0.8506878761426612,6.002678098437839e-06,9.581263969720463e-05
exp3,42,128,150,nb201,class_scene,adj_gin,2,pwl,False,ensemble,True,512,0.9745823662349453,0.8763543524777871,1.7028808979335564e-06,8.079919720498067e-06
