name_desc,seed,batch_size,transfer_lr,transfer_epochs,membtf,epochs,space,transfer_space,joint_repr,representation,timesteps,pwl_mse,test_tagates,gnn_type,back_dense,key,spr,kdt,spr_std,kdt_std
table4,42,64,0.001,30,True,150,nb201,nb101,True,adj_gin_arch2vec,2,pwl,False,ensemble,False,4,0.6217336047241951,0.44228099306137275,0.006352964618274597,0.00437060838036684
table4,42,64,0.001,30,True,150,nb201,nb101,True,adj_gin_arch2vec,2,pwl,False,ensemble,False,8,0.5611518356088582,0.39561544124599984,0.0042893668838581605,0.00266941285939584
table4,42,64,0.001,30,True,150,nb201,nb101,True,adj_gin_arch2vec,2,pwl,False,ensemble,False,16,0.7943153476882876,0.6040035324154788,0.0017380476278061002,0.0013182930491462657
table4,42,64,0.001,30,True,150,nb201,nb101,True,adj_gin_arch2vec,2,pwl,False,ensemble,False,32,0.7359566116411926,0.5599225849058881,0.0053548899815728706,0.004278806430676952
table4,42,64,0.001,30,True,150,nb201,nb101,True,adj_gin_arch2vec,2,pwl,False,ensemble,False,64,0.8334337824962555,0.6489136916077103,0.0015585640153345166,0.0015647254539416725
table4,42,64,0.001,30,True,150,nb201,nb101,True,adj_gin_arch2vec,2,pwl,False,ensemble,False,128,0.8782298408512927,0.706936474510949,0.0009872689230257454,0.0014661353753451943
table4,42,64,0.001,30,True,150,nb201,nb101,True,adj_gin_arch2vec,2,pwl,False,ensemble,False,256,0.9032419863792241,0.7400752748998766,5.6970327454091645e-05,0.00047547618978770954
