name_desc,seed,batch_size,epochs,space,transfer_space,joint_repr,representation,timesteps,pwl_mse,test_tagates,gnn_type,back_dense,key,spr,kdt,spr_std,kdt_std
exp4,42,8,150,nb201,nb101,False,adj_gin,2,pwl,False,ensemble,True,4,0.7788202271603537,0.5757330645014932,0.0001392943536492056,0.00018035976444060378
exp4,42,8,150,nb201,nb101,False,adj_gin,2,pwl,False,ensemble,True,8,0.7801802699891461,0.5771982807612676,0.00013867900963480958,0.0001825930248463733
exp4,42,8,150,nb201,nb101,False,adj_gin,2,pwl,False,ensemble,True,16,0.7838427911346696,0.5809776341333643,0.0001268559618478427,0.00016533395506899206
exp4,42,8,150,nb201,nb101,False,adj_gin_arch2vec,2,pwl,False,ensemble,True,4,0.7761821904510674,0.5748322531951208,0.00020175338072888176,0.0001794111501213412
exp4,42,8,150,nb201,nb101,False,adj_gin_arch2vec,2,pwl,False,ensemble,True,8,0.7737184238018973,0.5726483961939558,0.0002576381189638151,0.0002645406715453859
exp4,42,8,150,nb201,nb101,False,adj_gin_arch2vec,2,pwl,False,ensemble,True,16,0.7811363348276581,0.5800610656955175,0.00010252326638007831,0.0001283374643590372
